Vorfall,Zusammenfassung_text,Zusammenfassung_json
"Am Nachmittag des 14. Juli 2023, gegen 14:30 Uhr, war ein 2012er Honda Civic sicher auf dem belebten Supermarktparkplatz in der 145 Elm Street geparkt. Während der Besitzer des Civic im Laden war, versuchte ein 35-jähriger Mann in einem 2018er Ford Focus, neben dem Civic zu parken. Der Fahrer des Focus wurde jedoch von einem Kind, das über den Parkplatz lief, kurz abgelenkt und schätzte die Lücke falsch ein, wodurch er versehentlich die Beifahrertür des Civic streifte. Die Kollision führte zu mehreren kleinen Dellen und einem auffälligen Kratzer, etwa 30 cm lang, an der Seite des Civic. Der Focus erlitt leichte Lackschäden an der vorderen Stoßstange. Beide Fahrer besichtigten den Schaden, und der Fahrer des Focus gab sofort seine Schuld zu und entschuldigte sich. Sie tauschten Versicherungsdetails und Kontaktdaten aus. Es wurden keine Verletzungen gemeldet, und beide Fahrzeuge konnten die Szene ohne weitere Vorfälle verlassen.","14. Juli 2023: Ford Focus streift Honda Civic auf Supermarktparkplatz, Fahrer tauschen Details aus, keine Verletzungen.","{
  ""Datum"": ""14. Juli 2023"",
  ""Beteiligte Fahrzeuge"": [""2012er Honda Civic"", ""2018er Ford Focus""],
  ""Ort"": ""Supermarktparkplatz, 145 Elm Street"",
  ""Art des Vorfalls"": ""leichte Kollision beim Parken"",
  ""Verletzungen"": ""keine"",
  ""Schäden"": ""kleine Dellen und 30 cm langer Kratzer am Civic, leichte Lackschäden am Focus""
}"
"Am Morgen des 3. Oktober 2023, gegen etwa 8:15 Uhr, war ein 2017er Toyota Camry in einen leichten Zusammenstoß auf der Oak Avenue in der Nähe der Kreuzung mit Maple Drive verwickelt. Der Camry, gefahren von einer 28-jährigen Frau, wurde von einem 2019er Nissan Altima von hinten angefahren, während er wegen einer roten Ampel abbremste. Der Aufprall war mit niedriger Geschwindigkeit, was zu geringen Schäden am hinteren Stoßfänger des Camry führte, einschließlich einiger Kratzer und einer kleinen Delle. Der vordere Stoßfänger des Altima, gefahren von einem 40-jährigen Mann, erlitt ähnlich minimale Schäden. Beide Fahrer trugen Sicherheitsgurte, und es wurden keine Verletzungen gemeldet. Sie bewegten ihre Fahrzeuge sicher an den Straßenrand, um den Verkehr nicht zu blockieren, und tauschten umgehend Versicherungsinformationen aus. Fotos vom Schaden und vom Unfallort wurden von beiden Parteien zu Versicherungszwecken aufgenommen.","3. Oktober 2023: Geringfügiger Zusammenstoß mit einem Toyota Camry und Nissan Altima; keine Verletzungen, geringer Fahrzeugschaden.","{
  ""Datum"": ""3. Oktober 2023"",
  ""Beteiligte Fahrzeuge"": [""2017er Toyota Camry"", ""2019er Nissan Altima""],
  ""Ort"": ""Oak Avenue in der Nähe der Kreuzung mit Maple Drive"",
  ""Art des Vorfalls"": ""Leichter Zusammenstoß"",
  ""Verletzungen"": ""Keine"",
  ""Schäden"": ""Geringe Schäden am hinteren Stoßfänger des Camry und vorderen Stoßfänger des Altima""
}"
"Im belebten Innenstadtgebiet von River City ereignete sich am 21. September 2023 um 13:10 Uhr ein Zusammenstoß, der zu leichten Verletzungen führte. Ein Radfahrer, ein 19-jähriger Universitätsstudent, kollidierte mit einem geparkten 2018er Subaru Outback, während er versuchte, einem plötzlich auf den Radweg tretenden Fußgänger auszuweichen. Der Radfahrer erlitt eine verstauchte Handgelenk und leichte Abschürfungen, die vor Ort medizinisch behandelt werden mussten. Der hintere Stoßfänger und der Fahrradträger des Subaru wurden bei dem Vorfall beschädigt. Die Fußgängerin, eine 43-jährige Büroangestellte, blieb am Ort, leistete Hilfe und gab ihre Aussage ab. Der Besitzer des Subaru, aufmerksam geworden durch den Lärm, kam aus einem nahegelegenen Café heraus und tauschte nach dem Wohlbefinden des Radfahrers Kontaktinformationen mit allen Beteiligten aus. Ein Polizeibericht wurde angefertigt, und der Radfahrer wurde in eine nahegelegene Klinik zur weiteren Untersuchung gebracht",21. September 2023: Radfahrer kollidiert mit geparktem Subaru in River City und verursacht leichte Verletzungen und Fahrzeugschäden.,"{
  ""Datum"": ""21. September 2023"",
  ""Beteiligte Fahrzeuge"": [""Radfahrer"", ""2018er Subaru Outback""],
  ""Ort"": ""Innenstadtgebiet von River City"",
  ""Art des Vorfalls"": ""Zusammenstoß eines Radfahrers mit einem geparkten Auto"",
  ""Verletzungen"": ""Radfahrer erlitt eine verstauchte Handgelenk und leichte Abschürfungen"",
  ""Schäden"": ""Beschädigter hinterer Stoßfänger und Fahrradträger des Subaru""
}"
"Während eines ungewöhnlich nebligen Abends am 5. Dezember 2023 ereignete sich ein Missgeschick an der Kreuzung von Pine Street und 6th Avenue. Gegen 18:45 Uhr kollidierte ein blauer 2020er Mazda 3, der die Kreuzung befuhr, unerwartet mit einem silbernen 2015er Chevrolet Malibu. Der Mazda, der eine Linkskurve machte, übersah den Chevrolet, der aus der entgegengesetzten Richtung kam. Dieses Versehen führte zu einer Streifkollision, die oberflächliche Kratzer auf der rechten Seite des Mazda und kleinere Dellen am linken vorderen Kotflügel des Chevrolet verursachte. Nach dem Vorfall fuhren beide Fahrer, ein 22-jähriger Student im Mazda und eine 47-jährige Krankenschwester im Chevrolet, auf einen nahegelegenen Parkplatz. Obwohl sie geschockt waren, blieben sie unverletzt und tauschten Kontaktdaten und Versicherungsdetails aus. Kurz darauf traf ein Streifenwagen ein, um den Vorfall zu dokumentieren und den Austausch von Informationen zu erleichtern.","5. Dezember 2023: Nebelwetter verursacht Kollision zwischen Mazda 3 und Chevrolet Malibu; keine Verletzungen, geringer Fahrzeugschaden.","{
  ""Datum"": ""5. Dezember 2023"",
  ""Beteiligte Fahrzeuge"": [""2020er Mazda 3"", ""2015er Chevrolet Malibu""],
  ""Ort"": ""Kreuzung von Pine Street und 6th Avenue"",
  ""Art des Vorfalls"": ""Streifkollision während einer Linkskurve im Nebel"",
  ""Verletzungen"": ""Keine"",
  ""Schäden"": ""Oberflächliche Kratzer am Mazda, kleinere Dellen am Chevrolet""
}"
"Ereignisbericht: Am 18. November 2023, gegen etwa 17:30 Uhr, ereignete sich ein Zusammenstoß mit leichten Verletzungen an der Kreuzung von 3rd Street und Elm Lane. Fahrzeug 1, ein roter 2019er Hyundai Sonata, gefahren von einem 33-jährigen Buchhalter, fuhr in östlicher Richtung auf der Elm Lane. Fahrzeug 2, ein schwarzer 2021er Toyota RAV4, gefahren von einem 50-jährigen Lehrer, fuhr in nördlicher Richtung auf der 3rd Street. Der Sonata, der an dem Stoppschild nicht anhielt, fuhr in die Kreuzung ein und wurde von dem RAV4 auf der Beifahrerseite getroffen. Der Aufprall verursachte leichte Verletzungen bei beiden Fahrern, einschließlich Schleudertrauma und Prellungen. Der Schaden am Sonata konzentrierte sich auf die Beifahrertür, während der RAV4 Frontschäden erlitt. Rettungsdienste wurden zum Ort gerufen, und beide Fahrer wurden wegen ihrer Verletzungen behandelt. Versicherungs- und Kontaktdaten wurden ausgetauscht, und ein Polizeibericht wurde angefertigt, um den Vorfall zu dokumentieren","18. November 2023: Zusammenstoß an der 3rd Street und Elm Lane; leichte Verletzungen, Hyundai Sonata und Toyota RAV4 beschädigt.","{
  ""Datum"": ""18. November 2023"",
  ""Beteiligte Fahrzeuge"": [""2019er Hyundai Sonata"", ""2021er Toyota RAV4""],
  ""Ort"": ""Kreuzung von 3rd Street und Elm Lane"",
  ""Art des Vorfalls"": ""Zusammenstoß mit leichten Verletzungen"",
  ""Verletzungen"": ""Leichte Verletzungen, Schleudertrauma und Prellungen bei beiden Fahrern"",
  ""Schäden"": ""Beifahrertür des Sonata beschädigt, Frontschäden am RAV4""
}"
"Am 20. November 2023, um 10:30 Uhr, wurde ein Verkehrsvorfall an der Kreuzung von Greenfield Road und 2nd Street gemeldet. Fahrzeug A, ein weißer 2019er Subaru Forester, stand an einer roten Ampel. Fahrzeug B, ein grauer 2021er Toyota RAV4, näherte sich derselben Ampel, konnte aber nicht rechtzeitig anhalten und verursachte eine Auffahrkollision mit Fahrzeug A. Der Schaden an beiden Fahrzeugen war minimal, wobei Fahrzeug A leichte Stoßstangenschäden und Fahrzeug B leichte Kratzer an der Front aufwies. Die Fahrer beider Fahrzeuge, die keine Verletzungen meldeten, tauschten Versicherungsinformationen aus und reichten später Ansprüche bei ihren jeweiligen Versicherungsgesellschaften ein.","20. November 2023: Auffahrkollision zwischen Subaru Forester und Toyota RAV4; keine Verletzungen, geringer Fahrzeugschaden.","{
  ""Datum"": ""20. November 2023"",
  ""Beteiligte Fahrzeuge"": ["" 2019er Subaru Forester"", "" 2021er Toyota RAV4""],
  ""Ort"": ""Kreuzung von Greenfield Road und 2nd Street"",
  ""Art des Vorfalls"": ""Auffahrkollision"",
  ""Verletzungen"": ""keine"",
  ""Schäden"": ""leichte Stoßstangenschäden am Subaru Forester, leichte Kratzer an der Front des Toyota RAV4""
}"
"Am klaren Abend des 12. Mai 2024 fuhr Herr Johnson mit seinem Tesla Model S aus dem Jahr 2020 auf der Oak Street. Gegen 18:45 Uhr, als er sich der Kreuzung zur Maple Avenue näherte, sprang plötzlich ein Hirsch auf die Straße. Trotz seines Versuchs zu bremsen, kollidierte der Tesla mit dem Hirsch, was zu erheblichen Schäden am vorderen Teil des Fahrzeugs führte. Die Airbags wurden ausgelöst, und Herr Johnson erlitt leichte Verletzungen. Der Hirsch wurde leider tödlich verletzt.","12. Mai 2024: Tesla Model S kollidiert mit Hirsch auf der Oak Street, was zu Fahrzeugschäden und leichten Verletzungen des Fahrers führt.","{
  ""Datum"": ""12. Mai 2024"",
  ""Beteiligte Fahrzeuge"": [""Tesla Model S (2020)""],
  ""Ort"": ""Kreuzung Oak Street und Maple Avenue"",
  ""Art des Vorfalls"": ""Kollision mit einem Hirsch"",
  ""Verletzungen"": ""Leichte Verletzungen bei Fahrer, Hirsch tödlich verletzt"",
  ""Schäden"": ""Erhebliche Schäden am vorderen Teil des Tesla""
}"
"Am 15. Januar 2024, während eines starken Schneesturms, fuhr Frau Davis mit ihrem Subaru Outback aus dem Jahr 2018 auf der Mountain Road. Gegen 16:30 Uhr verlor sie in einer scharfen Kurve aufgrund von Eisglätte die Kontrolle. Der Subaru rutschte von der Straße und kollidierte mit einem Baum. Der Aufprall verursachte erhebliche Schäden an der Beifahrerseite des Autos, und die Airbags wurden ausgelöst. Frau Davis blieb unverletzt, aber das Fahrzeug musste abgeschleppt werden.",15. Januar 2024: Subaru Outback prallt bei Schneesturm auf eisiger Mountain Road gegen einen Baum und verursacht erhebliche Fahrzeugschäden.,"{
  ""Datum"": ""15. Januar 2024"",
  ""Beteiligte Fahrzeuge"": [""Subaru Outback (2018)""],
  ""Ort"": ""Mountain Road"",
  ""Art des Vorfalls"": ""Kollision mit einem Baum"",
  ""Verletzungen"": ""Keine"",
  ""Schäden"": ""Erhebliche Schäden an der Beifahrerseite des Autos, Airbags ausgelöst""
}"
"Am Morgen des 22. August 2024, gegen 8:00 Uhr, wurde ein Schulbus, gefahren von Herrn Wallace, an der Kreuzung von Pine Street und 5th Avenue von einem abgelenkten Fahrer in einem Honda Accord von hinten gerammt. Der Fahrer des Honda, Herr Smith, schaute angeblich auf sein Handy und bemerkte den angehaltenen Bus nicht. Im Bus befanden sich 20 Schüler; drei erlitten leichte Verletzungen. Beide Fahrzeuge wurden mäßig beschädigt.","22. August 2024: Abgelenkter Fahrer in einem Honda Accord fährt auf Schulbus auf, was zu leichten Verletzungen von drei Schülern und mäßigen Schäden an beiden Fahrzeugen führt.","{
  ""Datum"": ""22. August 2024"",
  ""Beteiligte Fahrzeuge"": [""Schulbus"", ""Honda Accord""],
  ""Ort"": ""Kreuzung von Pine Street und 5th Avenue"",
  ""Art des Vorfalls"": ""Auffahrunfall durch Ablenkung"",
  ""Verletzungen"": ""Drei leicht Verletze im Bus "",
  ""Schäden"": ""Mäßige Beschädigung beider Fahrzeuge""
}"
"Spät in der Nacht am 3. April 2024 war Frau Thompson, die einen Chevrolet Bolt aus dem Jahr 2019 fuhr, in einen Unfall mit Fahrerflucht verwickelt. Während sie an einer roten Ampel auf der Elm Street stand, wurde ihr Fahrzeug von hinten von einem unbekannten Fahrer angefahren, der dann die Flucht ergriff. Der Aufprall verursachte erhebliche Schäden am Heck des Chevrolet. Frau Thompson litt unter Nackenschmerzen, lehnte aber eine medizinische Versorgung am Unfallort ab.","3. April 2024: Chevrolet Bolt in Unfall mit Fahrerflucht an Ampel auf der Elm Street beteiligt, was zu Schäden am Heck und Nackenschmerzen der Fahrerin führt.","{
  ""Datum"": ""3. April 2024"",
  ""Beteiligte Fahrzeuge"": [""2019 Chevrolet Bolt"", ""Unbekanntes Fahrzeug""],
  ""Ort"": ""Elm Street"",
  ""Art des Vorfalls"": ""Unfall mit Fahrerflucht"",
  ""Verletzungen"": ""Nackenschmerzen bei Chevrolet Bolt Fahrerin"",
  ""Schäden"": ""Erhebliche Schäden am Heck des Chevrolet Bolt""
}"
"Am Nachmittag des 7. Juni 2024, gegen 14:00 Uhr, kollidierte ein Lieferwagen der QuickShip Corp mit einem geparkten BMW 5er auf der Main Street. Der Fahrer des LKW, Herr Gonzalez, versuchte, parallel einzuparken, unterschätzte aber den Abstand und streifte die Seite des BMW. Die Besitzerin des BMW, Frau Lee, war in der Nähe einkaufen und kehrte zurück, um den Schaden zu finden. Beide Fahrzeuge erlitten Kratzer und Dellen.",7. Juni 2024: Lieferwagen von QuickShip streift geparkten BMW 5er auf der Main Street und verursacht Kratzer und Dellen an beiden Fahrzeugen.,"{
  ""Datum"": ""7. Juni 2024"",
  ""Beteiligte Fahrzeuge"": [""Lieferwagen"", ""BMW 5er Serie""],
  ""Ort"": ""Main Street"",
  ""Art des Vorfalls"": ""Kollision beim Einparkversuch"",
  ""Verletzungen"": ""Keine"",
  ""Schäden"": ""Kratzer und Dellen an beiden Fahrzeugen""
}"
"An einem regnerischen Morgen am 9. März 2024 verlor Frau Patel mit ihrem Honda Civic aus dem Jahr 2021 auf der Autobahn 101 in der Nähe der Ausfahrt 45 die Kontrolle und geriet ins Schleudern, nachdem sie auf Aquaplaning gestoßen war. Sie kollidierte letztendlich mit der Autobahnschutzplanke. Der Aufprall verursachte erhebliche Schäden am vorderen Teil des Civic, und die Airbags wurden ausgelöst. Frau Patel erlitt eine verstauchte Handgelenk, blieb aber ansonsten unverletzt.","9. März 2024: Honda Civic gerät auf Autobahn 101 ins Aquaplaning und prallt gegen Schutzplanke, was zu erheblichen Fahrzeugschäden und einer verstauchten Handgelenk führt.","{
  ""Datum"": ""9. März 2024"",
  ""Beteiligte Fahrzeuge"": [""Honda Civic 2021""],
  ""Ort"": ""Autobahn 101 in der Nähe der Ausfahrt 45"",
  ""Art des Vorfalls"": "" Kollision mit Autobahnschutzplanke"",
  ""Verletzungen"": ""Ein verstauchtes Handgelenk"",
  ""Schäden"": ""Erhebliche Schäden am vorderen Teil des Fahrzeugs und Auslösung der Airbags""
}"
"Am 18. September 2024, um 17:30 Uhr, kam es zu einer leichten Kollision zwischen einem Fahrrad, gefahren von Herrn Chang, und einer Fußgängerin, Frau Rivera, an der Ecke von 9th und Elm. Herr Chang fuhr mit seinem Fahrrad, als Frau Rivera in den Fahrradweg trat, was zu dem Zusammenstoß führte. Beide Parteien erlitten leichte Schürfwunden, lehnten aber eine medizinische Behandlung ab. Das Vorderrad des Fahrrads war leicht verbogen.","18. September 2024: Fahrrad kollidiert mit Fußgängerin auf Fahrradweg an der 9th und Elm, verursacht leichte Verletzungen und Schäden am Fahrrad.","{
  ""Datum"": ""18. September 2024"",
  ""Beteiligte Fahrzeuge"": [""Fahrrad"", ""Fußgängerin""],
  ""Ort"": ""Ecke von 9th und Elm"",
  ""Art des Vorfalls"": ""Leichte Kollision"",
  ""Verletzungen"": ""Leichte Schürfwunden"",
  ""Schäden"": ""Leicht verbogenes Vorderrad des Fahrrads""
}"
